TEYA001,ang
TEYA002,ang
TEYA003,ang
TEYA004,ang
TEYA005,ang
TEYA006,ang
TEYA007,ang
TEYA008,ang
TEYA009,ang
TEYA010,ang
TEYA011,ang
TEYA012,ang
TEYA013,ang
TEYA014,ang
TEYA015,ang
TEYA016,ang
TEYA017,ang
TEYA018,ang
TEYA019,ang
TEYA020,ang
TEYA021,ang
TEYA022,ang
TEYA023,ang
TEYA024,ang
TEYA025,ang
TEYA026,ang
TEYA027,ang
TEYA028,ang
TEYA029,ang
TEYA030,ang
TEYA031,ang
TEYA032,ang
TEYA033,ang
TEYA034,ang
TEYA035,ang
TEYA036,ang
TEYA037,ang
TEYA038,ang
TEYA039,ang
TEYA040,ang
TEYA041,ang
TEYA042,ang
TEYA043,ang
TEYA044,ang
TEYA045,ang
TEYA046,ang
TEYA047,ang
TEYA048,ang
TEYA049,ang
TEYA050,ang
TEYA051,ang
TEYA052,ang
TEYA053,ang
TEYA054,ang
TEYA055,ang
TEYA056,ang
TEYA057,ang
TEYA058,ang
TEYA059,ang
TEYA060,ang
TEYA061,ang
TEYA062,ang
TEYA063,ang
TEYA064,ang
TEYA065,ang
TEYA066,ang
TEYA067,ang
TEYA068,ang
TEYA069,ang
TEYA070,ang
TEYA071,ang
TEYA072,ang
TEYA073,ang
TEYA074,ang
TEYA075,ang
TEYA076,ang
TEYA077,ang
TEYA078,ang
TEYA079,ang
TEYA080,ang
TEYA081,ang
TEYA082,ang
TEYA083,ang
TEYA084,ang
TEYA085,ang
TEYA086,ang
TEYA087,ang
TEYA088,ang
TEYA089,ang
TEYA090,ang
TEYA091,ang
TEYA092,ang
TEYA093,ang
TEYA094,ang
TEYA095,ang
TEYA096,ang
TEYA097,ang
TEYA098,ang
TEYA099,ang
TEYA100,ang
TEYA101,ang
TEYA102,ang
TEYA103,ang
TEYA104,ang
TEYA105,ang
TEYA106,ang
TEYA107,ang
TEYA108,ang
TEYA109,ang
TEYA110,ang
TEYA111,ang
TEYA112,ang
TEYA113,ang
TEYA114,ang
TEYA115,ang
TEYA116,ang
TEYA117,ang
TEYA118,ang
TEYA119,ang
TEYA120,ang
TEYA121,ang
TEYA122,ang
TEYA123,ang
TEYA124,ang
TEYA125,ang
TEYA126,ang
TEYA127,ang
TEYA128,ang
TEYA129,ang
TEYA130,ang
TEYA131,ang
TEYA132,ang
TEYA133,ang
TEYA134,ang
TEYA135,ang
TEYA136,ang
TEYA137,ang
TEYA138,ang
TEYA139,ang
TEYA140,ang
TEYA141,ang
TEYA142,ang
TEYA143,ang
TEYA144,ang
TEYA145,ang
TEYA146,ang
TEYA147,ang
TEYA148,ang
TEYA149,ang
TEYA150,ang
TEYA151,ang
TEYA152,ang
TEYA153,ang
TEYA154,ang
TEYA155,ang
TEYA156,ang
TEYA157,ang
TEYA158,ang
TEYA159,ang
TEYA160,ang
TEYA161,ang
TEYA162,ang
TEYA163,ang
TEYA164,ang
TEYA165,ang
TEYA166,ang
TEYA167,ang
TEYA168,ang
TEYA169,ang
TEYA170,ang
TEYA171,ang
TEYA172,ang
TEYA173,ang
TEYA174,ang
TEYA175,ang
TEYA176,ang
TEYA177,ang
TEYA178,ang
TEYA179,ang
TEYA180,ang
TEYA181,ang
TEYA182,ang
TEYA183,ang
TEYA184,ang
TEYA185,ang
TEYA186,ang
TEYA187,ang
TEYA188,ang
TEYA189,ang
TEYA190,ang
TEYA191,ang
TEYA192,ang
TEYA193,ang
TEYA194,ang
TEYA195,ang
TEYA196,ang
TEYA197,ang
TEYA198,ang
TEYA199,ang
TEYA200,ang
TEYA201,hap
TEYA202,hap
TEYA203,hap
TEYA204,hap
TEYA205,hap
TEYA206,hap
TEYA207,hap
TEYA208,hap
TEYA209,hap
TEYA210,hap
TEYA211,hap
TEYA212,hap
TEYA213,hap
TEYA214,hap
TEYA215,hap
TEYA216,hap
TEYA217,hap
TEYA218,hap
TEYA219,hap
TEYA220,hap
TEYA221,hap
TEYA222,hap
TEYA223,hap
TEYA224,hap
TEYA225,hap
TEYA226,hap
TEYA227,hap
TEYA228,hap
TEYA229,hap
TEYA230,hap
TEYA231,hap
TEYA232,hap
TEYA233,hap
TEYA234,hap
TEYA235,hap
TEYA236,hap
TEYA237,hap
TEYA238,hap
TEYA239,hap
TEYA240,hap
TEYA241,hap
TEYA242,hap
TEYA243,hap
TEYA244,hap
TEYA245,hap
TEYA246,hap
TEYA247,hap
TEYA248,hap
TEYA249,hap
TEYA250,hap
TEYA251,hap
TEYA252,hap
TEYA253,hap
TEYA254,hap
TEYA255,hap
TEYA256,hap
TEYA257,hap
TEYA258,hap
TEYA259,hap
TEYA260,hap
TEYA261,hap
TEYA262,hap
TEYA263,hap
TEYA264,hap
TEYA265,hap
TEYA266,hap
TEYA267,hap
TEYA268,hap
TEYA269,hap
TEYA270,hap
TEYA271,hap
TEYA272,hap
TEYA273,hap
TEYA274,hap
TEYA275,hap
TEYA276,hap
TEYA277,hap
TEYA278,hap
TEYA279,hap
TEYA280,hap
TEYA281,hap
TEYA282,hap
TEYA283,hap
TEYA284,hap
TEYA285,hap
TEYA286,hap
TEYA287,hap
TEYA288,hap
TEYA289,hap
TEYA290,hap
TEYA291,hap
TEYA292,hap
TEYA293,hap
TEYA294,hap
TEYA295,hap
TEYA296,hap
TEYA297,hap
TEYA298,hap
TEYA299,hap
TEYA300,hap
TEYA301,hap
TEYA302,hap
TEYA303,hap
TEYA304,hap
TEYA305,hap
TEYA306,hap
TEYA307,hap
TEYA308,hap
TEYA309,hap
TEYA310,hap
TEYA311,hap
TEYA312,hap
TEYA313,hap
TEYA314,hap
TEYA315,hap
TEYA316,hap
TEYA317,hap
TEYA318,hap
TEYA319,hap
TEYA320,hap
TEYA321,hap
TEYA322,hap
TEYA323,hap
TEYA324,hap
TEYA325,hap
TEYA326,hap
TEYA327,hap
TEYA328,hap
TEYA329,hap
TEYA330,hap
TEYA331,hap
TEYA332,hap
TEYA333,hap
TEYA334,hap
TEYA335,hap
TEYA336,hap
TEYA337,hap
TEYA338,hap
TEYA339,hap
TEYA340,hap
TEYA341,hap
TEYA342,hap
TEYA343,hap
TEYA344,hap
TEYA345,hap
TEYA346,hap
TEYA347,hap
TEYA348,hap
TEYA349,hap
TEYA350,hap
TEYA351,hap
TEYA352,hap
TEYA353,hap
TEYA354,hap
TEYA355,hap
TEYA356,hap
TEYA357,hap
TEYA358,hap
TEYA359,hap
TEYA360,hap
TEYA361,hap
TEYA362,hap
TEYA363,hap
TEYA364,hap
TEYA365,hap
TEYA366,hap
TEYA367,hap
TEYA368,hap
TEYA369,hap
TEYA370,hap
TEYA371,hap
TEYA372,hap
TEYA373,hap
TEYA374,hap
TEYA375,hap
TEYA376,hap
TEYA377,hap
TEYA378,hap
TEYA379,hap
TEYA380,hap
TEYA381,hap
TEYA382,hap
TEYA383,hap
TEYA384,hap
TEYA385,hap
TEYA386,hap
TEYA387,hap
TEYA388,hap
TEYA389,hap
TEYA390,hap
TEYA391,hap
TEYA392,hap
TEYA393,hap
TEYA394,hap
TEYA395,hap
TEYA396,hap
TEYA397,hap
TEYA398,hap
TEYA399,hap
TEYA400,hap
TEYA401,neu
TEYA402,neu
TEYA403,neu
TEYA404,neu
TEYA405,neu
TEYA406,neu
TEYA407,neu
TEYA408,neu
TEYA409,neu
TEYA410,neu
TEYA411,neu
TEYA412,neu
TEYA413,neu
TEYA414,neu
TEYA415,neu
TEYA416,neu
TEYA417,neu
TEYA418,neu
TEYA419,neu
TEYA420,neu
TEYA421,neu
TEYA422,neu
TEYA423,neu
TEYA424,neu
TEYA425,neu
TEYA426,neu
TEYA427,neu
TEYA428,neu
TEYA429,neu
TEYA430,neu
TEYA431,neu
TEYA432,neu
TEYA433,neu
TEYA434,neu
TEYA435,neu
TEYA436,neu
TEYA437,neu
TEYA438,neu
TEYA439,neu
TEYA440,neu
TEYA441,neu
TEYA442,neu
TEYA443,neu
TEYA444,neu
TEYA445,neu
TEYA446,neu
TEYA447,neu
TEYA448,neu
TEYA449,neu
TEYA450,neu
TEYA451,neu
TEYA452,neu
TEYA453,neu
TEYA454,neu
TEYA455,neu
TEYA456,neu
TEYA457,neu
TEYA458,neu
TEYA459,neu
TEYA460,neu
TEYA461,neu
TEYA462,neu
TEYA463,neu
TEYA464,neu
TEYA465,neu
TEYA466,neu
TEYA467,neu
TEYA468,neu
TEYA469,neu
TEYA470,neu
TEYA471,neu
TEYA472,neu
TEYA473,neu
TEYA474,neu
TEYA475,neu
TEYA476,neu
TEYA477,neu
TEYA478,neu
TEYA479,neu
TEYA480,neu
TEYA481,neu
TEYA482,neu
TEYA483,neu
TEYA484,neu
TEYA485,neu
TEYA486,neu
TEYA487,neu
TEYA488,neu
TEYA489,neu
TEYA490,neu
TEYA491,neu
TEYA492,neu
TEYA493,neu
TEYA494,neu
TEYA495,neu
TEYA496,neu
TEYA497,neu
TEYA498,neu
TEYA499,neu
TEYA500,neu
TEYA501,neu
TEYA502,neu
TEYA503,neu
TEYA504,neu
TEYA505,neu
TEYA506,neu
TEYA507,neu
TEYA508,neu
TEYA509,neu
TEYA510,neu
TEYA511,neu
TEYA512,neu
TEYA513,neu
TEYA514,neu
TEYA515,neu
TEYA516,neu
TEYA517,neu
TEYA518,neu
TEYA519,neu
TEYA520,neu
TEYA521,neu
TEYA522,neu
TEYA523,neu
TEYA524,neu
TEYA525,neu
TEYA526,neu
TEYA527,neu
TEYA528,neu
TEYA529,neu
TEYA530,neu
TEYA531,neu
TEYA532,neu
TEYA533,neu
TEYA534,neu
TEYA535,neu
TEYA536,neu
TEYA537,neu
TEYA538,neu
TEYA539,neu
TEYA540,neu
TEYA541,neu
TEYA542,neu
TEYA543,neu
TEYA544,neu
TEYA545,neu
TEYA546,neu
TEYA547,neu
TEYA548,neu
TEYA549,neu
TEYA550,neu
TEYA551,neu
TEYA552,neu
TEYA553,neu
TEYA554,neu
TEYA555,neu
TEYA556,neu
TEYA557,neu
TEYA558,neu
TEYA559,neu
TEYA560,neu
TEYA561,neu
TEYA562,neu
TEYA563,neu
TEYA564,neu
TEYA565,neu
TEYA566,neu
TEYA567,neu
TEYA568,neu
TEYA569,neu
TEYA570,neu
TEYA571,neu
TEYA572,neu
TEYA573,neu
TEYA574,neu
TEYA575,neu
TEYA576,neu
TEYA577,neu
TEYA578,neu
TEYA579,neu
TEYA580,neu
TEYA581,neu
TEYA582,neu
TEYA583,neu
TEYA584,neu
TEYA585,neu
TEYA586,neu
TEYA587,neu
TEYA588,neu
TEYA589,neu
TEYA590,neu
TEYA591,neu
TEYA592,neu
TEYA593,neu
TEYA594,neu
TEYA595,neu
TEYA596,neu
TEYA597,neu
TEYA598,neu
TEYA599,neu
TEYA600,neu
TEYA601,sad
TEYA602,sad
TEYA603,sad
TEYA604,sad
TEYA605,sad
TEYA606,sad
TEYA607,sad
TEYA608,sad
TEYA609,sad
TEYA610,sad
TEYA611,sad
TEYA612,sad
TEYA613,sad
TEYA614,sad
TEYA615,sad
TEYA616,sad
TEYA617,sad
TEYA618,sad
TEYA619,sad
TEYA620,sad
TEYA621,sad
TEYA622,sad
TEYA623,sad
TEYA624,sad
TEYA625,sad
TEYA626,sad
TEYA627,sad
TEYA628,sad
TEYA629,sad
TEYA630,sad
TEYA631,sad
TEYA632,sad
TEYA633,sad
TEYA634,sad
TEYA635,sad
TEYA636,sad
TEYA637,sad
TEYA638,sad
TEYA639,sad
TEYA640,sad
TEYA641,sad
TEYA642,sad
TEYA643,sad
TEYA644,sad
TEYA645,sad
TEYA646,sad
TEYA647,sad
TEYA648,sad
TEYA649,sad
TEYA650,sad
TEYA651,sad
TEYA652,sad
TEYA653,sad
TEYA654,sad
TEYA655,sad
TEYA656,sad
TEYA657,sad
TEYA658,sad
TEYA659,sad
TEYA660,sad
TEYA661,sad
TEYA662,sad
TEYA663,sad
TEYA664,sad
TEYA665,sad
TEYA666,sad
TEYA667,sad
TEYA668,sad
TEYA669,sad
TEYA670,sad
TEYA671,sad
TEYA672,sad
TEYA673,sad
TEYA674,sad
TEYA675,sad
TEYA676,sad
TEYA677,sad
TEYA678,sad
TEYA679,sad
TEYA680,sad
TEYA681,sad
TEYA682,sad
TEYA683,sad
TEYA684,sad
TEYA685,sad
TEYA686,sad
TEYA687,sad
TEYA688,sad
TEYA689,sad
TEYA690,sad
TEYA691,sad
TEYA692,sad
TEYA693,sad
TEYA694,sad
TEYA695,sad
TEYA696,sad
TEYA697,sad
TEYA698,sad
TEYA699,sad
TEYA700,sad
TEYA701,sad
TEYA702,sad
TEYA703,sad
TEYA704,sad
TEYA705,sad
TEYA706,sad
TEYA707,sad
TEYA708,sad
TEYA709,sad
TEYA710,sad
TEYA711,sad
TEYA712,sad
TEYA713,sad
TEYA714,sad
TEYA715,sad
TEYA716,sad
TEYA717,sad
TEYA718,sad
TEYA719,sad
TEYA720,sad
TEYA721,sad
TEYA722,sad
TEYA723,sad
TEYA724,sad
TEYA725,sad
TEYA726,sad
TEYA727,sad
TEYA728,sad
TEYA729,sad
TEYA730,sad
TEYA731,sad
TEYA732,sad
TEYA733,sad
TEYA734,sad
TEYA735,sad
TEYA736,sad
TEYA737,sad
TEYA738,sad
TEYA739,sad
TEYA740,sad
TEYA741,sad
TEYA742,sad
TEYA743,sad
TEYA744,sad
TEYA745,sad
TEYA746,sad
TEYA747,sad
TEYA748,sad
TEYA749,sad
TEYA750,sad
TEYA751,sad
TEYA752,sad
TEYA753,sad
TEYA754,sad
TEYA755,sad
TEYA756,sad
TEYA757,sad
TEYA758,sad
TEYA759,sad
TEYA760,sad
TEYA761,sad
TEYA762,sad
TEYA763,sad
TEYA764,sad
TEYA765,sad
TEYA766,sad
TEYA767,sad
TEYA768,sad
TEYA769,sad
TEYA770,sad
TEYA771,sad
TEYA772,sad
TEYA773,sad
TEYA774,sad
TEYA775,sad
TEYA776,sad
TEYA777,sad
TEYA778,sad
TEYA779,sad
TEYA780,sad
TEYA781,sad
TEYA782,sad
TEYA783,sad
TEYA784,sad
TEYA785,sad
TEYA786,sad
TEYA787,sad
TEYA788,sad
TEYA789,sad
TEYA790,sad
TEYA791,sad
TEYA792,sad
TEYA793,sad
TEYA794,sad
TEYA795,sad
TEYA796,sad
TEYA797,sad
TEYA798,sad
TEYA799,sad
TEYA800,sad
TEYA001,ang
TEYA002,ang
TEYA003,ang
TEYA004,ang
TEYA005,ang
TEYA006,ang
TEYA007,ang
TEYA008,ang
TEYA009,ang
TEYA010,ang
TEYA011,ang
TEYA012,ang
TEYA013,ang
TEYA014,ang
TEYA015,ang
TEYA016,ang
TEYA017,ang
TEYA018,ang
TEYA019,ang
TEYA020,ang
TEYA021,ang
TEYA022,ang
TEYA023,ang
TEYA024,ang
TEYA025,ang
TEYA026,ang
TEYA027,ang
TEYA028,ang
TEYA029,ang
TEYA030,ang
TEYA031,ang
TEYA032,ang
TEYA033,ang
TEYA034,ang
TEYA035,ang
TEYA036,ang
TEYA037,ang
TEYA038,ang
TEYA039,ang
TEYA040,ang
TEYA041,ang
TEYA042,ang
TEYA043,ang
TEYA044,ang
TEYA045,ang
TEYA046,ang
TEYA047,ang
TEYA048,ang
TEYA049,ang
TEYA050,ang
TEYA051,ang
TEYA052,ang
TEYA053,ang
TEYA054,ang
TEYA055,ang
TEYA056,ang
TEYA057,ang
TEYA058,ang
TEYA059,ang
TEYA060,ang
TEYA061,ang
TEYA062,ang
TEYA063,ang
TEYA064,ang
TEYA065,ang
TEYA066,ang
TEYA067,ang
TEYA068,ang
TEYA069,ang
TEYA070,ang
TEYA071,ang
TEYA072,ang
TEYA073,ang
TEYA074,ang
TEYA075,ang
TEYA076,ang
TEYA077,ang
TEYA078,ang
TEYA079,ang
TEYA080,ang
TEYA081,ang
TEYA082,ang
TEYA083,ang
TEYA084,ang
TEYA085,ang
TEYA086,ang
TEYA087,ang
TEYA088,ang
TEYA089,ang
TEYA090,ang
TEYA091,ang
TEYA092,ang
TEYA093,ang
TEYA094,ang
TEYA095,ang
TEYA096,ang
TEYA097,ang
TEYA098,ang
TEYA099,ang
TEYA100,ang
TEYA101,ang
TEYA102,ang
TEYA103,ang
TEYA104,ang
TEYA105,ang
TEYA106,ang
TEYA107,ang
TEYA108,ang
TEYA109,ang
TEYA110,ang
TEYA111,ang
TEYA112,ang
TEYA113,ang
TEYA114,ang
TEYA115,ang
TEYA116,ang
TEYA117,ang
TEYA118,ang
TEYA119,ang
TEYA120,ang
TEYA121,ang
TEYA122,ang
TEYA123,ang
TEYA124,ang
TEYA125,ang
TEYA126,ang
TEYA127,ang
TEYA128,ang
TEYA129,ang
TEYA130,ang
TEYA131,ang
TEYA132,ang
TEYA133,ang
TEYA134,ang
TEYA135,ang
TEYA136,ang
TEYA137,ang
TEYA138,ang
TEYA139,ang
TEYA140,ang
TEYA141,ang
TEYA142,ang
TEYA143,ang
TEYA144,ang
TEYA145,ang
TEYA146,ang
TEYA147,ang
TEYA148,ang
TEYA149,ang
TEYA150,ang
TEYA151,ang
TEYA152,ang
TEYA153,ang
TEYA154,ang
TEYA155,ang
TEYA156,ang
TEYA157,ang
TEYA158,ang
TEYA159,ang
TEYA160,ang
TEYA161,ang
TEYA162,ang
TEYA163,ang
TEYA164,ang
TEYA165,ang
TEYA166,ang
TEYA167,ang
TEYA168,ang
TEYA169,ang
TEYA170,ang
TEYA171,ang
TEYA172,ang
TEYA173,ang
TEYA174,ang
TEYA175,ang
TEYA176,ang
TEYA177,ang
TEYA178,ang
TEYA179,ang
TEYA180,ang
TEYA181,ang
TEYA182,ang
TEYA183,ang
TEYA184,ang
TEYA185,ang
TEYA186,ang
TEYA187,ang
TEYA188,ang
TEYA189,ang
TEYA190,ang
TEYA191,ang
TEYA192,ang
TEYA193,ang
TEYA194,ang
TEYA195,ang
TEYA196,ang
TEYA197,ang
TEYA198,ang
TEYA199,ang
TEYA200,ang
TEYA201,hap
TEYA202,hap
TEYA203,hap
TEYA204,hap
TEYA205,hap
TEYA206,hap
TEYA207,hap
TEYA208,hap
TEYA209,hap
TEYA210,hap
TEYA211,hap
TEYA212,hap
TEYA213,hap
TEYA214,hap
TEYA215,hap
TEYA216,hap
TEYA217,hap
TEYA218,hap
TEYA219,hap
TEYA220,hap
TEYA221,hap
TEYA222,hap
TEYA223,hap
TEYA224,hap
TEYA225,hap
TEYA226,hap
TEYA227,hap
TEYA228,hap
TEYA229,hap
TEYA230,hap
TEYA231,hap
TEYA232,hap
TEYA233,hap
TEYA234,hap
TEYA235,hap
TEYA236,hap
TEYA237,hap
TEYA238,hap
TEYA239,hap
TEYA240,hap
TEYA241,hap
TEYA242,hap
TEYA243,hap
TEYA244,hap
TEYA245,hap
TEYA246,hap
TEYA247,hap
TEYA248,hap
TEYA249,hap
TEYA250,hap
TEYA251,hap
TEYA252,hap
TEYA253,hap
TEYA254,hap
TEYA255,hap
TEYA256,hap
TEYA257,hap
TEYA258,hap
TEYA259,hap
TEYA260,hap
TEYA261,hap
TEYA262,hap
TEYA263,hap
TEYA264,hap
TEYA265,hap
TEYA266,hap
TEYA267,hap
TEYA268,hap
TEYA269,hap
TEYA270,hap
TEYA271,hap
TEYA272,hap
TEYA273,hap
TEYA274,hap
TEYA275,hap
TEYA276,hap
TEYA277,hap
TEYA278,hap
TEYA279,hap
TEYA280,hap
TEYA281,hap
TEYA282,hap
TEYA283,hap
TEYA284,hap
TEYA285,hap
TEYA286,hap
TEYA287,hap
TEYA288,hap
TEYA289,hap
TEYA290,hap
TEYA291,hap
TEYA292,hap
TEYA293,hap
TEYA294,hap
TEYA295,hap
TEYA296,hap
TEYA297,hap
TEYA298,hap
TEYA299,hap
TEYA300,hap
TEYA301,hap
TEYA302,hap
TEYA303,hap
TEYA304,hap
TEYA305,hap
TEYA306,hap
TEYA307,hap
TEYA308,hap
TEYA309,hap
TEYA310,hap
TEYA311,hap
TEYA312,hap
TEYA313,hap
TEYA314,hap
TEYA315,hap
TEYA316,hap
TEYA317,hap
TEYA318,hap
TEYA319,hap
TEYA320,hap
TEYA321,hap
TEYA322,hap
TEYA323,hap
TEYA324,hap
TEYA325,hap
TEYA326,hap
TEYA327,hap
TEYA328,hap
TEYA329,hap
TEYA330,hap
TEYA331,hap
TEYA332,hap
TEYA333,hap
TEYA334,hap
TEYA335,hap
TEYA336,hap
TEYA337,hap
TEYA338,hap
TEYA339,hap
TEYA340,hap
TEYA341,hap
TEYA342,hap
TEYA343,hap
TEYA344,hap
TEYA345,hap
TEYA346,hap
TEYA347,hap
TEYA348,hap
TEYA349,hap
TEYA350,hap
TEYA351,hap
TEYA352,hap
TEYA353,hap
TEYA354,hap
TEYA355,hap
TEYA356,hap
TEYA357,hap
TEYA358,hap
TEYA359,hap
TEYA360,hap
TEYA361,hap
TEYA362,hap
TEYA363,hap
TEYA364,hap
TEYA365,hap
TEYA366,hap
TEYA367,hap
TEYA368,hap
TEYA369,hap
TEYA370,hap
TEYA371,hap
TEYA372,hap
TEYA373,hap
TEYA374,hap
TEYA375,hap
TEYA376,hap
TEYA377,hap
TEYA378,hap
TEYA379,hap
TEYA380,hap
TEYA381,hap
TEYA382,hap
TEYA383,hap
TEYA384,hap
TEYA385,hap
TEYA386,hap
TEYA387,hap
TEYA388,hap
TEYA389,hap
TEYA390,hap
TEYA391,hap
TEYA392,hap
TEYA393,hap
TEYA394,hap
TEYA395,hap
TEYA396,hap
TEYA397,hap
TEYA398,hap
TEYA399,hap
TEYA400,hap
TEYA401,neu
TEYA402,neu
TEYA403,neu
TEYA404,neu
TEYA405,neu
TEYA406,neu
TEYA407,neu
TEYA408,neu
TEYA409,neu
TEYA410,neu
TEYA411,neu
TEYA412,neu
TEYA413,neu
TEYA414,neu
TEYA415,neu
TEYA416,neu
TEYA417,neu
TEYA418,neu
TEYA419,neu
TEYA420,neu
TEYA421,neu
TEYA422,neu
TEYA423,neu
TEYA424,neu
TEYA425,neu
TEYA426,neu
TEYA427,neu
TEYA428,neu
TEYA429,neu
TEYA430,neu
TEYA431,neu
TEYA432,neu
TEYA433,neu
TEYA434,neu
TEYA435,neu
TEYA436,neu
TEYA437,neu
TEYA438,neu
TEYA439,neu
TEYA440,neu
TEYA441,neu
TEYA442,neu
TEYA443,neu
TEYA444,neu
TEYA445,neu
TEYA446,neu
TEYA447,neu
TEYA448,neu
TEYA449,neu
TEYA450,neu
TEYA451,neu
TEYA452,neu
TEYA453,neu
TEYA454,neu
TEYA455,neu
TEYA456,neu
TEYA457,neu
TEYA458,neu
TEYA459,neu
TEYA460,neu
TEYA461,neu
TEYA462,neu
TEYA463,neu
TEYA464,neu
TEYA465,neu
TEYA466,neu
TEYA467,neu
TEYA468,neu
TEYA469,neu
TEYA470,neu
TEYA471,neu
TEYA472,neu
TEYA473,neu
TEYA474,neu
TEYA475,neu
TEYA476,neu
TEYA477,neu
TEYA478,neu
TEYA479,neu
TEYA480,neu
TEYA481,neu
TEYA482,neu
TEYA483,neu
TEYA484,neu
TEYA485,neu
TEYA486,neu
TEYA487,neu
TEYA488,neu
TEYA489,neu
TEYA490,neu
TEYA491,neu
TEYA492,neu
TEYA493,neu
TEYA494,neu
TEYA495,neu
TEYA496,neu
TEYA497,neu
TEYA498,neu
TEYA499,neu
TEYA500,neu
TEYA501,neu
TEYA502,neu
TEYA503,neu
TEYA504,neu
TEYA505,neu
TEYA506,neu
TEYA507,neu
TEYA508,neu
TEYA509,neu
TEYA510,neu
TEYA511,neu
TEYA512,neu
TEYA513,neu
TEYA514,neu
TEYA515,neu
TEYA516,neu
TEYA517,neu
TEYA518,neu
TEYA519,neu
TEYA520,neu
TEYA521,neu
TEYA522,neu
TEYA523,neu
TEYA524,neu
TEYA525,neu
TEYA526,neu
TEYA527,neu
TEYA528,neu
TEYA529,neu
TEYA530,neu
TEYA531,neu
TEYA532,neu
TEYA533,neu
TEYA534,neu
TEYA535,neu
TEYA536,neu
TEYA537,neu
TEYA538,neu
TEYA539,neu
TEYA540,neu
TEYA541,neu
TEYA542,neu
TEYA543,neu
TEYA544,neu
TEYA545,neu
TEYA546,neu
TEYA547,neu
TEYA548,neu
TEYA549,neu
TEYA550,neu
TEYA551,neu
TEYA552,neu
TEYA553,neu
TEYA554,neu
TEYA555,neu
TEYA556,neu
TEYA557,neu
TEYA558,neu
TEYA559,neu
TEYA560,neu
TEYA561,neu
TEYA562,neu
TEYA563,neu
TEYA564,neu
TEYA565,neu
TEYA566,neu
TEYA567,neu
TEYA568,neu
TEYA569,neu
TEYA570,neu
TEYA571,neu
TEYA572,neu
TEYA573,neu
TEYA574,neu
TEYA575,neu
TEYA576,neu
TEYA577,neu
TEYA578,neu
TEYA579,neu
TEYA580,neu
TEYA581,neu
TEYA582,neu
TEYA583,neu
TEYA584,neu
TEYA585,neu
TEYA586,neu
TEYA587,neu
TEYA588,neu
TEYA589,neu
TEYA590,neu
TEYA591,neu
TEYA592,neu
TEYA593,neu
TEYA594,neu
TEYA595,neu
TEYA596,neu
TEYA597,neu
TEYA598,neu
TEYA599,neu
TEYA600,neu
TEYA601,sad
TEYA602,sad
TEYA603,sad
TEYA604,sad
TEYA605,sad
TEYA606,sad
TEYA607,sad
TEYA608,sad
TEYA609,sad
TEYA610,sad
TEYA611,sad
TEYA612,sad
TEYA613,sad
TEYA614,sad
TEYA615,sad
TEYA616,sad
TEYA617,sad
TEYA618,sad
TEYA619,sad
TEYA620,sad
TEYA621,sad
TEYA622,sad
TEYA623,sad
TEYA624,sad
TEYA625,sad
TEYA626,sad
TEYA627,sad
TEYA628,sad
TEYA629,sad
TEYA630,sad
TEYA631,sad
TEYA632,sad
TEYA633,sad
TEYA634,sad
TEYA635,sad
TEYA636,sad
TEYA637,sad
TEYA638,sad
TEYA639,sad
TEYA640,sad
TEYA641,sad
TEYA642,sad
TEYA643,sad
TEYA644,sad
TEYA645,sad
TEYA646,sad
TEYA647,sad
TEYA648,sad
TEYA649,sad
TEYA650,sad
TEYA651,sad
TEYA652,sad
TEYA653,sad
TEYA654,sad
TEYA655,sad
TEYA656,sad
TEYA657,sad
TEYA658,sad
TEYA659,sad
TEYA660,sad
TEYA661,sad
TEYA662,sad
TEYA663,sad
TEYA664,sad
TEYA665,sad
TEYA666,sad
TEYA667,sad
TEYA668,sad
TEYA669,sad
TEYA670,sad
TEYA671,sad
TEYA672,sad
TEYA673,sad
TEYA674,sad
TEYA675,sad
TEYA676,sad
TEYA677,sad
TEYA678,sad
TEYA679,sad
TEYA680,sad
TEYA681,sad
TEYA682,sad
TEYA683,sad
TEYA684,sad
TEYA685,sad
TEYA686,sad
TEYA687,sad
TEYA688,sad
TEYA689,sad
TEYA690,sad
TEYA691,sad
TEYA692,sad
TEYA693,sad
TEYA694,sad
TEYA695,sad
TEYA696,sad
TEYA697,sad
TEYA698,sad
TEYA699,sad
TEYA700,sad
TEYA701,sad
TEYA702,sad
TEYA703,sad
TEYA704,sad
TEYA705,sad
TEYA706,sad
TEYA707,sad
TEYA708,sad
TEYA709,sad
TEYA710,sad
TEYA711,sad
TEYA712,sad
TEYA713,sad
TEYA714,sad
TEYA715,sad
TEYA716,sad
TEYA717,sad
TEYA718,sad
TEYA719,sad
TEYA720,sad
TEYA721,sad
TEYA722,sad
TEYA723,sad
TEYA724,sad
TEYA725,sad
TEYA726,sad
TEYA727,sad
TEYA728,sad
TEYA729,sad
TEYA730,sad
TEYA731,sad
TEYA732,sad
TEYA733,sad
TEYA734,sad
TEYA735,sad
TEYA736,sad
TEYA737,sad
TEYA738,sad
TEYA739,sad
TEYA740,sad
TEYA741,sad
TEYA742,sad
TEYA743,sad
TEYA744,sad
TEYA745,sad
TEYA746,sad
TEYA747,sad
TEYA748,sad
TEYA749,sad
TEYA750,sad
TEYA751,sad
TEYA752,sad
TEYA753,sad
TEYA754,sad
TEYA755,sad
TEYA756,sad
TEYA757,sad
TEYA758,sad
TEYA759,sad
TEYA760,sad
TEYA761,sad
TEYA762,sad
TEYA763,sad
TEYA764,sad
TEYA765,sad
TEYA766,sad
TEYA767,sad
TEYA768,sad
TEYA769,sad
TEYA770,sad
TEYA771,sad
TEYA772,sad
TEYA773,sad
TEYA774,sad
TEYA775,sad
TEYA776,sad
TEYA777,sad
TEYA778,sad
TEYA779,sad
TEYA780,sad
TEYA781,sad
TEYA782,sad
TEYA783,sad
TEYA784,sad
TEYA785,sad
TEYA786,sad
TEYA787,sad
TEYA788,sad
TEYA789,sad
TEYA790,sad
TEYA791,sad
TEYA792,sad
TEYA793,sad
TEYA794,sad
TEYA795,sad
TEYA796,sad
TEYA797,sad
TEYA798,sad
TEYA799,sad
TEYA800,sad