TEOA001,angry
TEOA002,angry
TEOA003,angry
TEOA004,angry
TEOA005,angry
TEOA006,angry
TEOA007,angry
TEOA008,angry
TEOA009,angry
TEOA010,angry
TEOA011,angry
TEOA012,angry
TEOA013,angry
TEOA014,angry
TEOA015,angry
TEOA016,angry
TEOA017,angry
TEOA018,angry
TEOA019,angry
TEOA020,angry
TEOA021,angry
TEOA022,angry
TEOA023,angry
TEOA024,angry
TEOA025,angry
TEOA026,angry
TEOA027,angry
TEOA028,angry
TEOA029,angry
TEOA030,angry
TEOA031,angry
TEOA032,angry
TEOA033,angry
TEOA034,angry
TEOA035,angry
TEOA036,angry
TEOA037,angry
TEOA038,angry
TEOA039,angry
TEOA040,angry
TEOA041,angry
TEOA042,angry
TEOA043,angry
TEOA044,angry
TEOA045,angry
TEOA046,angry
TEOA047,angry
TEOA048,angry
TEOA049,angry
TEOA050,angry
TEOA051,angry
TEOA052,angry
TEOA053,angry
TEOA054,angry
TEOA055,angry
TEOA056,angry
TEOA057,angry
TEOA058,angry
TEOA059,angry
TEOA060,angry
TEOA061,angry
TEOA062,angry
TEOA063,angry
TEOA064,angry
TEOA065,angry
TEOA066,angry
TEOA067,angry
TEOA068,angry
TEOA069,angry
TEOA070,angry
TEOA071,angry
TEOA072,angry
TEOA073,angry
TEOA074,angry
TEOA075,angry
TEOA076,angry
TEOA077,angry
TEOA078,angry
TEOA079,angry
TEOA080,angry
TEOA081,angry
TEOA082,angry
TEOA083,angry
TEOA084,angry
TEOA085,angry
TEOA086,angry
TEOA087,angry
TEOA088,angry
TEOA089,angry
TEOA090,angry
TEOA091,angry
TEOA092,angry
TEOA093,angry
TEOA094,angry
TEOA095,angry
TEOA096,angry
TEOA097,angry
TEOA098,angry
TEOA099,angry
TEOA100,angry
TEOA101,angry
TEOA102,angry
TEOA103,angry
TEOA104,angry
TEOA105,angry
TEOA106,angry
TEOA107,angry
TEOA108,angry
TEOA109,angry
TEOA110,angry
TEOA111,angry
TEOA112,angry
TEOA113,angry
TEOA114,angry
TEOA115,angry
TEOA116,angry
TEOA117,angry
TEOA118,angry
TEOA119,angry
TEOA120,angry
TEOA121,angry
TEOA122,angry
TEOA123,angry
TEOA124,angry
TEOA125,angry
TEOA126,angry
TEOA127,angry
TEOA128,angry
TEOA129,angry
TEOA130,angry
TEOA131,angry
TEOA132,angry
TEOA133,angry
TEOA134,angry
TEOA135,angry
TEOA136,angry
TEOA137,angry
TEOA138,angry
TEOA139,angry
TEOA140,angry
TEOA141,angry
TEOA142,angry
TEOA143,angry
TEOA144,angry
TEOA145,angry
TEOA146,angry
TEOA147,angry
TEOA148,angry
TEOA149,angry
TEOA150,angry
TEOA151,angry
TEOA152,angry
TEOA153,angry
TEOA154,angry
TEOA155,angry
TEOA156,angry
TEOA157,angry
TEOA158,angry
TEOA159,angry
TEOA160,angry
TEOA161,angry
TEOA162,angry
TEOA163,angry
TEOA164,angry
TEOA165,angry
TEOA166,angry
TEOA167,angry
TEOA168,angry
TEOA169,angry
TEOA170,angry
TEOA171,angry
TEOA172,angry
TEOA173,angry
TEOA174,angry
TEOA175,angry
TEOA176,angry
TEOA177,angry
TEOA178,angry
TEOA179,angry
TEOA180,angry
TEOA181,angry
TEOA182,angry
TEOA183,angry
TEOA184,angry
TEOA185,angry
TEOA186,angry
TEOA187,angry
TEOA188,angry
TEOA189,angry
TEOA190,angry
TEOA191,angry
TEOA192,angry
TEOA193,angry
TEOA194,angry
TEOA195,angry
TEOA196,angry
TEOA197,angry
TEOA198,angry
TEOA199,angry
TEOA200,angry
TEOA201,happy
TEOA202,happy
TEOA203,happy
TEOA204,happy
TEOA205,happy
TEOA206,happy
TEOA207,happy
TEOA208,happy
TEOA209,happy
TEOA210,happy
TEOA211,happy
TEOA212,happy
TEOA213,happy
TEOA214,happy
TEOA215,happy
TEOA216,happy
TEOA217,happy
TEOA218,happy
TEOA219,happy
TEOA220,happy
TEOA221,happy
TEOA222,happy
TEOA223,happy
TEOA224,happy
TEOA225,happy
TEOA226,happy
TEOA227,happy
TEOA228,happy
TEOA229,happy
TEOA230,happy
TEOA231,happy
TEOA232,happy
TEOA233,happy
TEOA234,happy
TEOA235,happy
TEOA236,happy
TEOA237,happy
TEOA238,happy
TEOA239,happy
TEOA240,happy
TEOA241,happy
TEOA242,happy
TEOA243,happy
TEOA244,happy
TEOA245,happy
TEOA246,happy
TEOA247,happy
TEOA248,happy
TEOA249,happy
TEOA250,happy
TEOA251,happy
TEOA252,happy
TEOA253,happy
TEOA254,happy
TEOA255,happy
TEOA256,happy
TEOA257,happy
TEOA258,happy
TEOA259,happy
TEOA260,happy
TEOA261,happy
TEOA262,happy
TEOA263,happy
TEOA264,happy
TEOA265,happy
TEOA266,happy
TEOA267,happy
TEOA268,happy
TEOA269,happy
TEOA270,happy
TEOA271,happy
TEOA272,happy
TEOA273,happy
TEOA274,happy
TEOA275,happy
TEOA276,happy
TEOA277,happy
TEOA278,happy
TEOA279,happy
TEOA280,happy
TEOA281,happy
TEOA282,happy
TEOA283,happy
TEOA284,happy
TEOA285,happy
TEOA286,happy
TEOA287,happy
TEOA288,happy
TEOA289,happy
TEOA290,happy
TEOA291,happy
TEOA292,happy
TEOA293,happy
TEOA294,happy
TEOA295,happy
TEOA296,happy
TEOA297,happy
TEOA298,happy
TEOA299,happy
TEOA300,happy
TEOA301,happy
TEOA302,happy
TEOA303,happy
TEOA304,happy
TEOA305,happy
TEOA306,happy
TEOA307,happy
TEOA308,happy
TEOA309,happy
TEOA310,happy
TEOA311,happy
TEOA312,happy
TEOA313,happy
TEOA314,happy
TEOA315,happy
TEOA316,happy
TEOA317,happy
TEOA318,happy
TEOA319,happy
TEOA320,happy
TEOA321,happy
TEOA322,happy
TEOA323,happy
TEOA324,happy
TEOA325,happy
TEOA326,happy
TEOA327,happy
TEOA328,happy
TEOA329,happy
TEOA330,happy
TEOA331,happy
TEOA332,happy
TEOA333,happy
TEOA334,happy
TEOA335,happy
TEOA336,happy
TEOA337,happy
TEOA338,happy
TEOA339,happy
TEOA340,happy
TEOA341,happy
TEOA342,happy
TEOA343,happy
TEOA344,happy
TEOA345,happy
TEOA346,happy
TEOA347,happy
TEOA348,happy
TEOA349,happy
TEOA350,happy
TEOA351,happy
TEOA352,happy
TEOA353,happy
TEOA354,happy
TEOA355,happy
TEOA356,happy
TEOA357,happy
TEOA358,happy
TEOA359,happy
TEOA360,happy
TEOA361,happy
TEOA362,happy
TEOA363,happy
TEOA364,happy
TEOA365,happy
TEOA366,happy
TEOA367,happy
TEOA368,happy
TEOA369,happy
TEOA370,happy
TEOA371,happy
TEOA372,happy
TEOA373,happy
TEOA374,happy
TEOA375,happy
TEOA376,happy
TEOA377,happy
TEOA378,happy
TEOA379,happy
TEOA380,happy
TEOA381,happy
TEOA382,happy
TEOA383,happy
TEOA384,happy
TEOA385,happy
TEOA386,happy
TEOA387,happy
TEOA388,happy
TEOA389,happy
TEOA390,happy
TEOA391,happy
TEOA392,happy
TEOA393,happy
TEOA394,happy
TEOA395,happy
TEOA396,happy
TEOA397,happy
TEOA398,happy
TEOA399,happy
TEOA400,happy
TEOA401,neutral
TEOA402,neutral
TEOA403,neutral
TEOA404,neutral
TEOA405,neutral
TEOA406,neutral
TEOA407,neutral
TEOA408,neutral
TEOA409,neutral
TEOA410,neutral
TEOA411,neutral
TEOA412,neutral
TEOA413,neutral
TEOA414,neutral
TEOA415,neutral
TEOA416,neutral
TEOA417,neutral
TEOA418,neutral
TEOA419,neutral
TEOA420,neutral
TEOA421,neutral
TEOA422,neutral
TEOA423,neutral
TEOA424,neutral
TEOA425,neutral
TEOA426,neutral
TEOA427,neutral
TEOA428,neutral
TEOA429,neutral
TEOA430,neutral
TEOA431,neutral
TEOA432,neutral
TEOA433,neutral
TEOA434,neutral
TEOA435,neutral
TEOA436,neutral
TEOA437,neutral
TEOA438,neutral
TEOA439,neutral
TEOA440,neutral
TEOA441,neutral
TEOA442,neutral
TEOA443,neutral
TEOA444,neutral
TEOA445,neutral
TEOA446,neutral
TEOA447,neutral
TEOA448,neutral
TEOA449,neutral
TEOA450,neutral
TEOA451,neutral
TEOA452,neutral
TEOA453,neutral
TEOA454,neutral
TEOA455,neutral
TEOA456,neutral
TEOA457,neutral
TEOA458,neutral
TEOA459,neutral
TEOA460,neutral
TEOA461,neutral
TEOA462,neutral
TEOA463,neutral
TEOA464,neutral
TEOA465,neutral
TEOA466,neutral
TEOA467,neutral
TEOA468,neutral
TEOA469,neutral
TEOA470,neutral
TEOA471,neutral
TEOA472,neutral
TEOA473,neutral
TEOA474,neutral
TEOA475,neutral
TEOA476,neutral
TEOA477,neutral
TEOA478,neutral
TEOA479,neutral
TEOA480,neutral
TEOA481,neutral
TEOA482,neutral
TEOA483,neutral
TEOA484,neutral
TEOA485,neutral
TEOA486,neutral
TEOA487,neutral
TEOA488,neutral
TEOA489,neutral
TEOA490,neutral
TEOA491,neutral
TEOA492,neutral
TEOA493,neutral
TEOA494,neutral
TEOA495,neutral
TEOA496,neutral
TEOA497,neutral
TEOA498,neutral
TEOA499,neutral
TEOA500,neutral
TEOA501,neutral
TEOA502,neutral
TEOA503,neutral
TEOA504,neutral
TEOA505,neutral
TEOA506,neutral
TEOA507,neutral
TEOA508,neutral
TEOA509,neutral
TEOA510,neutral
TEOA511,neutral
TEOA512,neutral
TEOA513,neutral
TEOA514,neutral
TEOA515,neutral
TEOA516,neutral
TEOA517,neutral
TEOA518,neutral
TEOA519,neutral
TEOA520,neutral
TEOA521,neutral
TEOA522,neutral
TEOA523,neutral
TEOA524,neutral
TEOA525,neutral
TEOA526,neutral
TEOA527,neutral
TEOA528,neutral
TEOA529,neutral
TEOA530,neutral
TEOA531,neutral
TEOA532,neutral
TEOA533,neutral
TEOA534,neutral
TEOA535,neutral
TEOA536,neutral
TEOA537,neutral
TEOA538,neutral
TEOA539,neutral
TEOA540,neutral
TEOA541,neutral
TEOA542,neutral
TEOA543,neutral
TEOA544,neutral
TEOA545,neutral
TEOA546,neutral
TEOA547,neutral
TEOA548,neutral
TEOA549,neutral
TEOA550,neutral
TEOA551,neutral
TEOA552,neutral
TEOA553,neutral
TEOA554,neutral
TEOA555,neutral
TEOA556,neutral
TEOA557,neutral
TEOA558,neutral
TEOA559,neutral
TEOA560,neutral
TEOA561,neutral
TEOA562,neutral
TEOA563,neutral
TEOA564,neutral
TEOA565,neutral
TEOA566,neutral
TEOA567,neutral
TEOA568,neutral
TEOA569,neutral
TEOA570,neutral
TEOA571,neutral
TEOA572,neutral
TEOA573,neutral
TEOA574,neutral
TEOA575,neutral
TEOA576,neutral
TEOA577,neutral
TEOA578,neutral
TEOA579,neutral
TEOA580,neutral
TEOA581,neutral
TEOA582,neutral
TEOA583,neutral
TEOA584,neutral
TEOA585,neutral
TEOA586,neutral
TEOA587,neutral
TEOA588,neutral
TEOA589,neutral
TEOA590,neutral
TEOA591,neutral
TEOA592,neutral
TEOA593,neutral
TEOA594,neutral
TEOA595,neutral
TEOA596,neutral
TEOA597,neutral
TEOA598,neutral
TEOA599,neutral
TEOA600,neutral
TEOA601,sad
TEOA602,sad
TEOA603,sad
TEOA604,sad
TEOA605,sad
TEOA606,sad
TEOA607,sad
TEOA608,sad
TEOA609,sad
TEOA610,sad
TEOA611,sad
TEOA612,sad
TEOA613,sad
TEOA614,sad
TEOA615,sad
TEOA616,sad
TEOA617,sad
TEOA618,sad
TEOA619,sad
TEOA620,sad
TEOA621,sad
TEOA622,sad
TEOA623,sad
TEOA624,sad
TEOA625,sad
TEOA626,sad
TEOA627,sad
TEOA628,sad
TEOA629,sad
TEOA630,sad
TEOA631,sad
TEOA632,sad
TEOA633,sad
TEOA634,sad
TEOA635,sad
TEOA636,sad
TEOA637,sad
TEOA638,sad
TEOA639,sad
TEOA640,sad
TEOA641,sad
TEOA642,sad
TEOA643,sad
TEOA644,sad
TEOA645,sad
TEOA646,sad
TEOA647,sad
TEOA648,sad
TEOA649,sad
TEOA650,sad
TEOA651,sad
TEOA652,sad
TEOA653,sad
TEOA654,sad
TEOA655,sad
TEOA656,sad
TEOA657,sad
TEOA658,sad
TEOA659,sad
TEOA660,sad
TEOA661,sad
TEOA662,sad
TEOA663,sad
TEOA664,sad
TEOA665,sad
TEOA666,sad
TEOA667,sad
TEOA668,sad
TEOA669,sad
TEOA670,sad
TEOA671,sad
TEOA672,sad
TEOA673,sad
TEOA674,sad
TEOA675,sad
TEOA676,sad
TEOA677,sad
TEOA678,sad
TEOA679,sad
TEOA680,sad
TEOA681,sad
TEOA682,sad
TEOA683,sad
TEOA684,sad
TEOA685,sad
TEOA686,sad
TEOA687,sad
TEOA688,sad
TEOA689,sad
TEOA690,sad
TEOA691,sad
TEOA692,sad
TEOA693,sad
TEOA694,sad
TEOA695,sad
TEOA696,sad
TEOA697,sad
TEOA698,sad
TEOA699,sad
TEOA700,sad
TEOA701,sad
TEOA702,sad
TEOA703,sad
TEOA704,sad
TEOA705,sad
TEOA706,sad
TEOA707,sad
TEOA708,sad
TEOA709,sad
TEOA710,sad
TEOA711,sad
TEOA712,sad
TEOA713,sad
TEOA714,sad
TEOA715,sad
TEOA716,sad
TEOA717,sad
TEOA718,sad
TEOA719,sad
TEOA720,sad
TEOA721,sad
TEOA722,sad
TEOA723,sad
TEOA724,sad
TEOA725,sad
TEOA726,sad
TEOA727,sad
TEOA728,sad
TEOA729,sad
TEOA730,sad
TEOA731,sad
TEOA732,sad
TEOA733,sad
TEOA734,sad
TEOA735,sad
TEOA736,sad
TEOA737,sad
TEOA738,sad
TEOA739,sad
TEOA740,sad
TEOA741,sad
TEOA742,sad
TEOA743,sad
TEOA744,sad
TEOA745,sad
TEOA746,sad
TEOA747,sad
TEOA748,sad
TEOA749,sad
TEOA750,sad
TEOA751,sad
TEOA752,sad
TEOA753,sad
TEOA754,sad
TEOA755,sad
TEOA756,sad
TEOA757,sad
TEOA758,sad
TEOA759,sad
TEOA760,sad
TEOA761,sad
TEOA762,sad
TEOA763,sad
TEOA764,sad
TEOA765,sad
TEOA766,sad
TEOA767,sad
TEOA768,sad
TEOA769,sad
TEOA770,sad
TEOA771,sad
TEOA772,sad
TEOA773,sad
TEOA774,sad
TEOA775,sad
TEOA776,sad
TEOA777,sad
TEOA778,sad
TEOA779,sad
TEOA780,sad
TEOA781,sad
TEOA782,sad
TEOA783,sad
TEOA784,sad
TEOA785,sad
TEOA786,sad
TEOA787,sad
TEOA788,sad
TEOA789,sad
TEOA790,sad
TEOA791,sad
TEOA792,sad
TEOA793,sad
TEOA794,sad
TEOA795,sad
TEOA796,sad
TEOA797,sad
TEOA798,sad
TEOA799,sad
TEOA800,sad