TEOA001,ang
TEOA002,ang
TEOA003,ang
TEOA004,ang
TEOA005,ang
TEOA006,ang
TEOA007,ang
TEOA008,ang
TEOA009,ang
TEOA010,ang
TEOA011,ang
TEOA012,ang
TEOA013,ang
TEOA014,ang
TEOA015,ang
TEOA016,ang
TEOA017,ang
TEOA018,ang
TEOA019,ang
TEOA020,ang
TEOA021,ang
TEOA022,ang
TEOA023,ang
TEOA024,ang
TEOA025,ang
TEOA026,ang
TEOA027,ang
TEOA028,ang
TEOA029,ang
TEOA030,ang
TEOA031,ang
TEOA032,ang
TEOA033,ang
TEOA034,ang
TEOA035,ang
TEOA036,ang
TEOA037,ang
TEOA038,ang
TEOA039,ang
TEOA040,ang
TEOA041,ang
TEOA042,ang
TEOA043,ang
TEOA044,ang
TEOA045,ang
TEOA046,ang
TEOA047,ang
TEOA048,ang
TEOA049,ang
TEOA050,ang
TEOA051,ang
TEOA052,ang
TEOA053,ang
TEOA054,ang
TEOA055,ang
TEOA056,ang
TEOA057,ang
TEOA058,ang
TEOA059,ang
TEOA060,ang
TEOA061,ang
TEOA062,ang
TEOA063,ang
TEOA064,ang
TEOA065,ang
TEOA066,ang
TEOA067,ang
TEOA068,ang
TEOA069,ang
TEOA070,ang
TEOA071,ang
TEOA072,ang
TEOA073,ang
TEOA074,ang
TEOA075,ang
TEOA076,ang
TEOA077,ang
TEOA078,ang
TEOA079,ang
TEOA080,ang
TEOA081,ang
TEOA082,ang
TEOA083,ang
TEOA084,ang
TEOA085,ang
TEOA086,ang
TEOA087,ang
TEOA088,ang
TEOA089,ang
TEOA090,ang
TEOA091,ang
TEOA092,ang
TEOA093,ang
TEOA094,ang
TEOA095,ang
TEOA096,ang
TEOA097,ang
TEOA098,ang
TEOA099,ang
TEOA100,ang
TEOA101,ang
TEOA102,ang
TEOA103,ang
TEOA104,ang
TEOA105,ang
TEOA106,ang
TEOA107,ang
TEOA108,ang
TEOA109,ang
TEOA110,ang
TEOA111,ang
TEOA112,ang
TEOA113,ang
TEOA114,ang
TEOA115,ang
TEOA116,ang
TEOA117,ang
TEOA118,ang
TEOA119,ang
TEOA120,ang
TEOA121,ang
TEOA122,ang
TEOA123,ang
TEOA124,ang
TEOA125,ang
TEOA126,ang
TEOA127,ang
TEOA128,ang
TEOA129,ang
TEOA130,ang
TEOA131,ang
TEOA132,ang
TEOA133,ang
TEOA134,ang
TEOA135,ang
TEOA136,ang
TEOA137,ang
TEOA138,ang
TEOA139,ang
TEOA140,ang
TEOA141,ang
TEOA142,ang
TEOA143,ang
TEOA144,ang
TEOA145,ang
TEOA146,ang
TEOA147,ang
TEOA148,ang
TEOA149,ang
TEOA150,ang
TEOA151,ang
TEOA152,ang
TEOA153,ang
TEOA154,ang
TEOA155,ang
TEOA156,ang
TEOA157,ang
TEOA158,ang
TEOA159,ang
TEOA160,ang
TEOA161,ang
TEOA162,ang
TEOA163,ang
TEOA164,ang
TEOA165,ang
TEOA166,ang
TEOA167,ang
TEOA168,ang
TEOA169,ang
TEOA170,ang
TEOA171,ang
TEOA172,ang
TEOA173,ang
TEOA174,ang
TEOA175,ang
TEOA176,ang
TEOA177,ang
TEOA178,ang
TEOA179,ang
TEOA180,ang
TEOA181,ang
TEOA182,ang
TEOA183,ang
TEOA184,ang
TEOA185,ang
TEOA186,ang
TEOA187,ang
TEOA188,ang
TEOA189,ang
TEOA190,ang
TEOA191,ang
TEOA192,ang
TEOA193,ang
TEOA194,ang
TEOA195,ang
TEOA196,ang
TEOA197,ang
TEOA198,ang
TEOA199,ang
TEOA200,ang
TEOA201,hap
TEOA202,hap
TEOA203,hap
TEOA204,hap
TEOA205,hap
TEOA206,hap
TEOA207,hap
TEOA208,hap
TEOA209,hap
TEOA210,hap
TEOA211,hap
TEOA212,hap
TEOA213,hap
TEOA214,hap
TEOA215,hap
TEOA216,hap
TEOA217,hap
TEOA218,hap
TEOA219,hap
TEOA220,hap
TEOA221,hap
TEOA222,hap
TEOA223,hap
TEOA224,hap
TEOA225,hap
TEOA226,hap
TEOA227,hap
TEOA228,hap
TEOA229,hap
TEOA230,hap
TEOA231,hap
TEOA232,hap
TEOA233,hap
TEOA234,hap
TEOA235,hap
TEOA236,hap
TEOA237,hap
TEOA238,hap
TEOA239,hap
TEOA240,hap
TEOA241,hap
TEOA242,hap
TEOA243,hap
TEOA244,hap
TEOA245,hap
TEOA246,hap
TEOA247,hap
TEOA248,hap
TEOA249,hap
TEOA250,hap
TEOA251,hap
TEOA252,hap
TEOA253,hap
TEOA254,hap
TEOA255,hap
TEOA256,hap
TEOA257,hap
TEOA258,hap
TEOA259,hap
TEOA260,hap
TEOA261,hap
TEOA262,hap
TEOA263,hap
TEOA264,hap
TEOA265,hap
TEOA266,hap
TEOA267,hap
TEOA268,hap
TEOA269,hap
TEOA270,hap
TEOA271,hap
TEOA272,hap
TEOA273,hap
TEOA274,hap
TEOA275,hap
TEOA276,hap
TEOA277,hap
TEOA278,hap
TEOA279,hap
TEOA280,hap
TEOA281,hap
TEOA282,hap
TEOA283,hap
TEOA284,hap
TEOA285,hap
TEOA286,hap
TEOA287,hap
TEOA288,hap
TEOA289,hap
TEOA290,hap
TEOA291,hap
TEOA292,hap
TEOA293,hap
TEOA294,hap
TEOA295,hap
TEOA296,hap
TEOA297,hap
TEOA298,hap
TEOA299,hap
TEOA300,hap
TEOA301,hap
TEOA302,hap
TEOA303,hap
TEOA304,hap
TEOA305,hap
TEOA306,hap
TEOA307,hap
TEOA308,hap
TEOA309,hap
TEOA310,hap
TEOA311,hap
TEOA312,hap
TEOA313,hap
TEOA314,hap
TEOA315,hap
TEOA316,hap
TEOA317,hap
TEOA318,hap
TEOA319,hap
TEOA320,hap
TEOA321,hap
TEOA322,hap
TEOA323,hap
TEOA324,hap
TEOA325,hap
TEOA326,hap
TEOA327,hap
TEOA328,hap
TEOA329,hap
TEOA330,hap
TEOA331,hap
TEOA332,hap
TEOA333,hap
TEOA334,hap
TEOA335,hap
TEOA336,hap
TEOA337,hap
TEOA338,hap
TEOA339,hap
TEOA340,hap
TEOA341,hap
TEOA342,hap
TEOA343,hap
TEOA344,hap
TEOA345,hap
TEOA346,hap
TEOA347,hap
TEOA348,hap
TEOA349,hap
TEOA350,hap
TEOA351,hap
TEOA352,hap
TEOA353,hap
TEOA354,hap
TEOA355,hap
TEOA356,hap
TEOA357,hap
TEOA358,hap
TEOA359,hap
TEOA360,hap
TEOA361,hap
TEOA362,hap
TEOA363,hap
TEOA364,hap
TEOA365,hap
TEOA366,hap
TEOA367,hap
TEOA368,hap
TEOA369,hap
TEOA370,hap
TEOA371,hap
TEOA372,hap
TEOA373,hap
TEOA374,hap
TEOA375,hap
TEOA376,hap
TEOA377,hap
TEOA378,hap
TEOA379,hap
TEOA380,hap
TEOA381,hap
TEOA382,hap
TEOA383,hap
TEOA384,hap
TEOA385,hap
TEOA386,hap
TEOA387,hap
TEOA388,hap
TEOA389,hap
TEOA390,hap
TEOA391,hap
TEOA392,hap
TEOA393,hap
TEOA394,hap
TEOA395,hap
TEOA396,hap
TEOA397,hap
TEOA398,hap
TEOA399,hap
TEOA400,hap
TEOA401,neu
TEOA402,neu
TEOA403,neu
TEOA404,neu
TEOA405,neu
TEOA406,neu
TEOA407,neu
TEOA408,neu
TEOA409,neu
TEOA410,neu
TEOA411,neu
TEOA412,neu
TEOA413,neu
TEOA414,neu
TEOA415,neu
TEOA416,neu
TEOA417,neu
TEOA418,neu
TEOA419,neu
TEOA420,neu
TEOA421,neu
TEOA422,neu
TEOA423,neu
TEOA424,neu
TEOA425,neu
TEOA426,neu
TEOA427,neu
TEOA428,neu
TEOA429,neu
TEOA430,neu
TEOA431,neu
TEOA432,neu
TEOA433,neu
TEOA434,neu
TEOA435,neu
TEOA436,neu
TEOA437,neu
TEOA438,neu
TEOA439,neu
TEOA440,neu
TEOA441,neu
TEOA442,neu
TEOA443,neu
TEOA444,neu
TEOA445,neu
TEOA446,neu
TEOA447,neu
TEOA448,neu
TEOA449,neu
TEOA450,neu
TEOA451,neu
TEOA452,neu
TEOA453,neu
TEOA454,neu
TEOA455,neu
TEOA456,neu
TEOA457,neu
TEOA458,neu
TEOA459,neu
TEOA460,neu
TEOA461,neu
TEOA462,neu
TEOA463,neu
TEOA464,neu
TEOA465,neu
TEOA466,neu
TEOA467,neu
TEOA468,neu
TEOA469,neu
TEOA470,neu
TEOA471,neu
TEOA472,neu
TEOA473,neu
TEOA474,neu
TEOA475,neu
TEOA476,neu
TEOA477,neu
TEOA478,neu
TEOA479,neu
TEOA480,neu
TEOA481,neu
TEOA482,neu
TEOA483,neu
TEOA484,neu
TEOA485,neu
TEOA486,neu
TEOA487,neu
TEOA488,neu
TEOA489,neu
TEOA490,neu
TEOA491,neu
TEOA492,neu
TEOA493,neu
TEOA494,neu
TEOA495,neu
TEOA496,neu
TEOA497,neu
TEOA498,neu
TEOA499,neu
TEOA500,neu
TEOA501,neu
TEOA502,neu
TEOA503,neu
TEOA504,neu
TEOA505,neu
TEOA506,neu
TEOA507,neu
TEOA508,neu
TEOA509,neu
TEOA510,neu
TEOA511,neu
TEOA512,neu
TEOA513,neu
TEOA514,neu
TEOA515,neu
TEOA516,neu
TEOA517,neu
TEOA518,neu
TEOA519,neu
TEOA520,neu
TEOA521,neu
TEOA522,neu
TEOA523,neu
TEOA524,neu
TEOA525,neu
TEOA526,neu
TEOA527,neu
TEOA528,neu
TEOA529,neu
TEOA530,neu
TEOA531,neu
TEOA532,neu
TEOA533,neu
TEOA534,neu
TEOA535,neu
TEOA536,neu
TEOA537,neu
TEOA538,neu
TEOA539,neu
TEOA540,neu
TEOA541,neu
TEOA542,neu
TEOA543,neu
TEOA544,neu
TEOA545,neu
TEOA546,neu
TEOA547,neu
TEOA548,neu
TEOA549,neu
TEOA550,neu
TEOA551,neu
TEOA552,neu
TEOA553,neu
TEOA554,neu
TEOA555,neu
TEOA556,neu
TEOA557,neu
TEOA558,neu
TEOA559,neu
TEOA560,neu
TEOA561,neu
TEOA562,neu
TEOA563,neu
TEOA564,neu
TEOA565,neu
TEOA566,neu
TEOA567,neu
TEOA568,neu
TEOA569,neu
TEOA570,neu
TEOA571,neu
TEOA572,neu
TEOA573,neu
TEOA574,neu
TEOA575,neu
TEOA576,neu
TEOA577,neu
TEOA578,neu
TEOA579,neu
TEOA580,neu
TEOA581,neu
TEOA582,neu
TEOA583,neu
TEOA584,neu
TEOA585,neu
TEOA586,neu
TEOA587,neu
TEOA588,neu
TEOA589,neu
TEOA590,neu
TEOA591,neu
TEOA592,neu
TEOA593,neu
TEOA594,neu
TEOA595,neu
TEOA596,neu
TEOA597,neu
TEOA598,neu
TEOA599,neu
TEOA600,neu
TEOA601,sad
TEOA602,sad
TEOA603,sad
TEOA604,sad
TEOA605,sad
TEOA606,sad
TEOA607,sad
TEOA608,sad
TEOA609,sad
TEOA610,sad
TEOA611,sad
TEOA612,sad
TEOA613,sad
TEOA614,sad
TEOA615,sad
TEOA616,sad
TEOA617,sad
TEOA618,sad
TEOA619,sad
TEOA620,sad
TEOA621,sad
TEOA622,sad
TEOA623,sad
TEOA624,sad
TEOA625,sad
TEOA626,sad
TEOA627,sad
TEOA628,sad
TEOA629,sad
TEOA630,sad
TEOA631,sad
TEOA632,sad
TEOA633,sad
TEOA634,sad
TEOA635,sad
TEOA636,sad
TEOA637,sad
TEOA638,sad
TEOA639,sad
TEOA640,sad
TEOA641,sad
TEOA642,sad
TEOA643,sad
TEOA644,sad
TEOA645,sad
TEOA646,sad
TEOA647,sad
TEOA648,sad
TEOA649,sad
TEOA650,sad
TEOA651,sad
TEOA652,sad
TEOA653,sad
TEOA654,sad
TEOA655,sad
TEOA656,sad
TEOA657,sad
TEOA658,sad
TEOA659,sad
TEOA660,sad
TEOA661,sad
TEOA662,sad
TEOA663,sad
TEOA664,sad
TEOA665,sad
TEOA666,sad
TEOA667,sad
TEOA668,sad
TEOA669,sad
TEOA670,sad
TEOA671,sad
TEOA672,sad
TEOA673,sad
TEOA674,sad
TEOA675,sad
TEOA676,sad
TEOA677,sad
TEOA678,sad
TEOA679,sad
TEOA680,sad
TEOA681,sad
TEOA682,sad
TEOA683,sad
TEOA684,sad
TEOA685,sad
TEOA686,sad
TEOA687,sad
TEOA688,sad
TEOA689,sad
TEOA690,sad
TEOA691,sad
TEOA692,sad
TEOA693,sad
TEOA694,sad
TEOA695,sad
TEOA696,sad
TEOA697,sad
TEOA698,sad
TEOA699,sad
TEOA700,sad
TEOA701,sad
TEOA702,sad
TEOA703,sad
TEOA704,sad
TEOA705,sad
TEOA706,sad
TEOA707,sad
TEOA708,sad
TEOA709,sad
TEOA710,sad
TEOA711,sad
TEOA712,sad
TEOA713,sad
TEOA714,sad
TEOA715,sad
TEOA716,sad
TEOA717,sad
TEOA718,sad
TEOA719,sad
TEOA720,sad
TEOA721,sad
TEOA722,sad
TEOA723,sad
TEOA724,sad
TEOA725,sad
TEOA726,sad
TEOA727,sad
TEOA728,sad
TEOA729,sad
TEOA730,sad
TEOA731,sad
TEOA732,sad
TEOA733,sad
TEOA734,sad
TEOA735,sad
TEOA736,sad
TEOA737,sad
TEOA738,sad
TEOA739,sad
TEOA740,sad
TEOA741,sad
TEOA742,sad
TEOA743,sad
TEOA744,sad
TEOA745,sad
TEOA746,sad
TEOA747,sad
TEOA748,sad
TEOA749,sad
TEOA750,sad
TEOA751,sad
TEOA752,sad
TEOA753,sad
TEOA754,sad
TEOA755,sad
TEOA756,sad
TEOA757,sad
TEOA758,sad
TEOA759,sad
TEOA760,sad
TEOA761,sad
TEOA762,sad
TEOA763,sad
TEOA764,sad
TEOA765,sad
TEOA766,sad
TEOA767,sad
TEOA768,sad
TEOA769,sad
TEOA770,sad
TEOA771,sad
TEOA772,sad
TEOA773,sad
TEOA774,sad
TEOA775,sad
TEOA776,sad
TEOA777,sad
TEOA778,sad
TEOA779,sad
TEOA780,sad
TEOA781,sad
TEOA782,sad
TEOA783,sad
TEOA784,sad
TEOA785,sad
TEOA786,sad
TEOA787,sad
TEOA788,sad
TEOA789,sad
TEOA790,sad
TEOA791,sad
TEOA792,sad
TEOA793,sad
TEOA794,sad
TEOA795,sad
TEOA796,sad
TEOA797,sad
TEOA798,sad
TEOA799,sad
TEOA800,sad